{"cameraMode":{"drawMode":0,"name":"Shaded","section":"Shading Mode"},"sceneLighting":true,"audioPlay":false,"sceneViewState":{"m_AlwaysRefresh":false,"showFog":true,"showSkybox":true,"showFlares":true,"showImageEffects":true,"showParticleSystems":true,"showVisualEffectGraphs":true,"m_FxEnabled":true},"in2DMode":false,"pivot":{"x":75.28056335449219,"y":52.597023010253909,"z":57.107696533203128},"rotation":{"x":0.14947842061519624,"y":-0.7755405306816101,"z":0.5798317193984985,"w":0.19989897310733796},"size":7.537178039550781,"orthographic":false}