{"cameraMode":{"drawMode":0,"name":"Shaded","section":"Shading Mode"},"sceneLighting":true,"audioPlay":false,"sceneViewState":{"m_AlwaysRefresh":false,"showFog":true,"showSkybox":true,"showFlares":true,"showImageEffects":true,"showParticleSystems":true,"showVisualEffectGraphs":true,"m_FxEnabled":true},"in2DMode":false,"pivot":{"x":-1.0130209922790528,"y":4.982525825500488,"z":-7.481383323669434},"rotation":{"x":0.15387213230133058,"y":0.011835628189146519,"z":-0.0018576328875496984,"w":0.9880055785179138},"size":1.6707957983016968,"orthographic":false}