{"cameraMode":{"drawMode":0,"name":"Shaded","section":"Shading Mode"},"sceneLighting":true,"audioPlay":false,"sceneViewState":{"m_AlwaysRefresh":false,"showFog":true,"showSkybox":true,"showFlares":true,"showImageEffects":true,"showParticleSystems":true,"showVisualEffectGraphs":true,"m_FxEnabled":true},"in2DMode":false,"pivot":{"x":4.386188507080078,"y":1.010301113128662,"z":3.1207499504089357},"rotation":{"x":-0.28259143233299258,"y":-0.00372790964320302,"z":0.0011065362486988307,"w":-0.9592235684394836},"size":2.48429012298584,"orthographic":false}