{"cameraMode":{"drawMode":0,"name":"Shaded","section":"Shading Mode"},"sceneLighting":true,"audioPlay":false,"sceneViewState":{"m_AlwaysRefresh":false,"showFog":true,"showSkybox":true,"showFlares":true,"showImageEffects":true,"showParticleSystems":true,"showVisualEffectGraphs":true,"m_FxEnabled":true},"in2DMode":false,"pivot":{"x":-2.328437566757202,"y":8.364038467407227,"z":-4.307168006896973},"rotation":{"x":0.47864505648612978,"y":-0.03293396160006523,"z":0.017954301089048387,"w":0.8771963119506836},"size":0.2585199475288391,"orthographic":false}