{"cameraMode":{"drawMode":0,"name":"Shaded","section":"Shading Mode"},"sceneLighting":true,"audioPlay":false,"sceneViewState":{"m_AlwaysRefresh":false,"showFog":true,"showSkybox":true,"showFlares":true,"showImageEffects":true,"showParticleSystems":true,"showVisualEffectGraphs":true,"m_FxEnabled":true},"in2DMode":false,"pivot":{"x":562.510986328125,"y":218.19805908203126,"z":-30.574966430664064},"rotation":{"x":-0.33632704615592959,"y":-0.0488324873149395,"z":0.017474304884672166,"w":-0.9403057098388672},"size":201.07354736328126,"orthographic":false}